platz,nachname,vorname,partei,stimme,KRNr,VorlageNr,Titel,Geschaeftsart,AblaufschrittTyp,DokumentTitel,eDocumentFileName,eDocumentID,Version,Sitzungsdatum,url
184,Agosti Monn,Theres,SP,JA,240/2012,,Unabhängige Rekurskommission für das Universitätsspital Zürich (USZ),Parlamentarische Initiative,Zustimmung,Abstimmungsresultat,Abstimmungsresultat,7f4a281fb246479790974146f9079eba-332,1,2012-03-02,https://parlzhcdws.cmicloud.ch/parlzh5/cdws/Files/7f4a281fb246479790974146f9079eba-332/1/pdf
103,Albanese,Franco,CVP,JA,240/2012,,Unabhängige Rekurskommission für das Universitätsspital Zürich (USZ),Parlamentarische Initiative,Zustimmung,Abstimmungsresultat,Abstimmungsresultat,7f4a281fb246479790974146f9079eba-332,1,2012-03-02,https://parlzhcdws.cmicloud.ch/parlzh5/cdws/Files/7f4a281fb246479790974146f9079eba-332/1/pdf
50,Altwegg,Jürg,Grüne,NEIN,240/2012,,Unabhängige Rekurskommission für das Universitätsspital Zürich (USZ),Parlamentarische Initiative,Zustimmung,Abstimmungsresultat,Abstimmungsresultat,7f4a281fb246479790974146f9079eba-332,1,2012-03-02,https://parlzhcdws.cmicloud.ch/parlzh5/cdws/Files/7f4a281fb246479790974146f9079eba-332/1/pdf
125,Amacker,Bruno,SVP,--,240/2012,,Unabhängige Rekurskommission für das Universitätsspital Zürich (USZ),Parlamentarische Initiative,Zustimmung,Abstimmungsresultat,Abstimmungsresultat,7f4a281fb246479790974146f9079eba-332,1,2012-03-02,https://parlzhcdws.cmicloud.ch/parlzh5/cdws/Files/7f4a281fb246479790974146f9079eba-332/1/pdf
126,Amrein,Hans-Peter,SVP,JA,240/2012,,Unabhängige Rekurskommission für das Universitätsspital Zürich (USZ),Parlamentarische Initiative,Zustimmung,Abstimmungsresultat,Abstimmungsresultat,7f4a281fb246479790974146f9079eba-332,1,2012-03-02,https://parlzhcdws.cmicloud.ch/parlzh5/cdws/Files/7f4a281fb246479790974146f9079eba-332/1/pdf
110,Arnold,Martin,SVP,JA,240/2012,,Unabhängige Rekurskommission für das Universitätsspital Zürich (USZ),Parlamentarische Initiative,Zustimmung,Abstimmungsresultat,Abstimmungsresultat,7f4a281fb246479790974146f9079eba-332,1,2012-03-02,https://parlzhcdws.cmicloud.ch/parlzh5/cdws/Files/7f4a281fb246479790974146f9079eba-332/1/pdf
140,Bachmann,Ernst,SVP,JA,240/2012,,Unabhängige Rekurskommission für das Universitätsspital Zürich (USZ),Parlamentarische Initiative,Zustimmung,Abstimmungsresultat,Abstimmungsresultat,7f4a281fb246479790974146f9079eba-332,1,2012-03-02,https://parlzhcdws.cmicloud.ch/parlzh5/cdws/Files/7f4a281fb246479790974146f9079eba-332/1/pdf
171,Bär,Hansruedi,SVP,JA,240/2012,,Unabhängige Rekurskommission für das Universitätsspital Zürich (USZ),Parlamentarische Initiative,Zustimmung,Abstimmungsresultat,Abstimmungsresultat,7f4a281fb246479790974146f9079eba-332,1,2012-03-02,https://parlzhcdws.cmicloud.ch/parlzh5/cdws/Files/7f4a281fb246479790974146f9079eba-332/1/pdf
10,Barrile,Angelo,SP,JA,240/2012,,Unabhängige Rekurskommission für das Universitätsspital Zürich (USZ),Parlamentarische Initiative,Zustimmung,Abstimmungsresultat,Abstimmungsresultat,7f4a281fb246479790974146f9079eba-332,1,2012-03-02,https://parlzhcdws.cmicloud.ch/parlzh5/cdws/Files/7f4a281fb246479790974146f9079eba-332/1/pdf
44,Bartal,Isabel,SP,JA,240/2012,,Unabhängige Rekurskommission für das Universitätsspital Zürich (USZ),Parlamentarische Initiative,Zustimmung,Abstimmungsresultat,Abstimmungsresultat,7f4a281fb246479790974146f9079eba-332,1,2012-03-02,https://parlzhcdws.cmicloud.ch/parlzh5/cdws/Files/7f4a281fb246479790974146f9079eba-332/1/pdf
75,Bellaiche,Judith,GLP,JA,240/2012,,Unabhängige Rekurskommission für das Universitätsspital Zürich (USZ),Parlamentarische Initiative,Zustimmung,Abstimmungsresultat,Abstimmungsresultat,7f4a281fb246479790974146f9079eba-332,1,2012-03-02,https://parlzhcdws.cmicloud.ch/parlzh5/cdws/Files/7f4a281fb246479790974146f9079eba-332/1/pdf
163,Berger,Antoine,FDP,JA,240/2012,,Unabhängige Rekurskommission für das Universitätsspital Zürich (USZ),Parlamentarische Initiative,Zustimmung,Abstimmungsresultat,Abstimmungsresultat,7f4a281fb246479790974146f9079eba-332,1,2012-03-02,https://parlzhcdws.cmicloud.ch/parlzh5/cdws/Files/7f4a281fb246479790974146f9079eba-332/1/pdf
13,Bischoff,Markus,AL,NEIN,240/2012,,Unabhängige Rekurskommission für das Universitätsspital Zürich (USZ),Parlamentarische Initiative,Zustimmung,Abstimmungsresultat,Abstimmungsresultat,7f4a281fb246479790974146f9079eba-332,1,2012-03-02,https://parlzhcdws.cmicloud.ch/parlzh5/cdws/Files/7f4a281fb246479790974146f9079eba-332/1/pdf
20,Bloch,Beat,CSP,NEIN,240/2012,,Unabhängige Rekurskommission für das Universitätsspital Zürich (USZ),Parlamentarische Initiative,Zustimmung,Abstimmungsresultat,Abstimmungsresultat,7f4a281fb246479790974146f9079eba-332,1,2012-03-02,https://parlzhcdws.cmicloud.ch/parlzh5/cdws/Files/7f4a281fb246479790974146f9079eba-332/1/pdf
123,Bollinger,Erich,SVP,JA,240/2012,,Unabhängige Rekurskommission für das Universitätsspital Zürich (USZ),Parlamentarische Initiative,Zustimmung,Abstimmungsresultat,Abstimmungsresultat,7f4a281fb246479790974146f9079eba-332,1,2012-03-02,https://parlzhcdws.cmicloud.ch/parlzh5/cdws/Files/7f4a281fb246479790974146f9079eba-332/1/pdf
111,Borer,Anita,SVP,JA,240/2012,,Unabhängige Rekurskommission für das Universitätsspital Zürich (USZ),Parlamentarische Initiative,Zustimmung,Abstimmungsresultat,Abstimmungsresultat,7f4a281fb246479790974146f9079eba-332,1,2012-03-02,https://parlzhcdws.cmicloud.ch/parlzh5/cdws/Files/7f4a281fb246479790974146f9079eba-332/1/pdf
79,Brazerol,Rico,BDP,--,240/2012,,Unabhängige Rekurskommission für das Universitätsspital Zürich (USZ),Parlamentarische Initiative,Zustimmung,Abstimmungsresultat,Abstimmungsresultat,7f4a281fb246479790974146f9079eba-332,1,2012-03-02,https://parlzhcdws.cmicloud.ch/parlzh5/cdws/Files/7f4a281fb246479790974146f9079eba-332/1/pdf
34,Brunner,Robert,Grüne,NEIN,240/2012,,Unabhängige Rekurskommission für das Universitätsspital Zürich (USZ),Parlamentarische Initiative,Zustimmung,Abstimmungsresultat,Abstimmungsresultat,7f4a281fb246479790974146f9079eba-332,1,2012-03-02,https://parlzhcdws.cmicloud.ch/parlzh5/cdws/Files/7f4a281fb246479790974146f9079eba-332/1/pdf
58,Büchi-Wild,Renate,SP,JA,240/2012,,Unabhängige Rekurskommission für das Universitätsspital Zürich (USZ),Parlamentarische Initiative,Zustimmung,Abstimmungsresultat,Abstimmungsresultat,7f4a281fb246479790974146f9079eba-332,1,2012-03-02,https://parlzhcdws.cmicloud.ch/parlzh5/cdws/Files/7f4a281fb246479790974146f9079eba-332/1/pdf
97,Bürgin,Yvonne,CVP,JA,240/2012,,Unabhängige Rekurskommission für das Universitätsspital Zürich (USZ),Parlamentarische Initiative,Zustimmung,Abstimmungsresultat,Abstimmungsresultat,7f4a281fb246479790974146f9079eba-332,1,2012-03-02,https://parlzhcdws.cmicloud.ch/parlzh5/cdws/Files/7f4a281fb246479790974146f9079eba-332/1/pdf
154,Burtscher,Rochus,SVP,JA,240/2012,,Unabhängige Rekurskommission für das Universitätsspital Zürich (USZ),Parlamentarische Initiative,Zustimmung,Abstimmungsresultat,Abstimmungsresultat,7f4a281fb246479790974146f9079eba-332,1,2012-03-02,https://parlzhcdws.cmicloud.ch/parlzh5/cdws/Files/7f4a281fb246479790974146f9079eba-332/1/pdf
5,Bussmann,Barbara,SP,NEIN,240/2012,,Unabhängige Rekurskommission für das Universitätsspital Zürich (USZ),Parlamentarische Initiative,Zustimmung,Abstimmungsresultat,Abstimmungsresultat,7f4a281fb246479790974146f9079eba-332,1,2012-03-02,https://parlzhcdws.cmicloud.ch/parlzh5/cdws/Files/7f4a281fb246479790974146f9079eba-332/1/pdf
12,Bütikofer,Kaspar,AL,NEIN,240/2012,,Unabhängige Rekurskommission für das Universitätsspital Zürich (USZ),Parlamentarische Initiative,Zustimmung,Abstimmungsresultat,Abstimmungsresultat,7f4a281fb246479790974146f9079eba-332,1,2012-03-02,https://parlzhcdws.cmicloud.ch/parlzh5/cdws/Files/7f4a281fb246479790974146f9079eba-332/1/pdf
116,Camenisch,Linda,FDP,JA,240/2012,,Unabhängige Rekurskommission für das Universitätsspital Zürich (USZ),Parlamentarische Initiative,Zustimmung,Abstimmungsresultat,Abstimmungsresultat,7f4a281fb246479790974146f9079eba-332,1,2012-03-02,https://parlzhcdws.cmicloud.ch/parlzh5/cdws/Files/7f4a281fb246479790974146f9079eba-332/1/pdf
180,Dalcher,Pierre,SVP,JA,240/2012,,Unabhängige Rekurskommission für das Universitätsspital Zürich (USZ),Parlamentarische Initiative,Zustimmung,Abstimmungsresultat,Abstimmungsresultat,7f4a281fb246479790974146f9079eba-332,1,2012-03-02,https://parlzhcdws.cmicloud.ch/parlzh5/cdws/Files/7f4a281fb246479790974146f9079eba-332/1/pdf
43,Daurù,Andreas,SP,NEIN,240/2012,,Unabhängige Rekurskommission für das Universitätsspital Zürich (USZ),Parlamentarische Initiative,Zustimmung,Abstimmungsresultat,Abstimmungsresultat,7f4a281fb246479790974146f9079eba-332,1,2012-03-02,https://parlzhcdws.cmicloud.ch/parlzh5/cdws/Files/7f4a281fb246479790974146f9079eba-332/1/pdf
35,Dietschi,Urs,Grüne,NEIN,240/2012,,Unabhängige Rekurskommission für das Universitätsspital Zürich (USZ),Parlamentarische Initiative,Zustimmung,Abstimmungsresultat,Abstimmungsresultat,7f4a281fb246479790974146f9079eba-332,1,2012-03-02,https://parlzhcdws.cmicloud.ch/parlzh5/cdws/Files/7f4a281fb246479790974146f9079eba-332/1/pdf
99,Egli,Hans,EDU,JA,240/2012,,Unabhängige Rekurskommission für das Universitätsspital Zürich (USZ),Parlamentarische Initiative,Zustimmung,Abstimmungsresultat,Abstimmungsresultat,7f4a281fb246479790974146f9079eba-332,1,2012-03-02,https://parlzhcdws.cmicloud.ch/parlzh5/cdws/Files/7f4a281fb246479790974146f9079eba-332/1/pdf
4,Egli,Karin,SVP,--,240/2012,,Unabhängige Rekurskommission für das Universitätsspital Zürich (USZ),Parlamentarische Initiative,Zustimmung,Abstimmungsresultat,Abstimmungsresultat,7f4a281fb246479790974146f9079eba-332,1,2012-03-02,https://parlzhcdws.cmicloud.ch/parlzh5/cdws/Files/7f4a281fb246479790974146f9079eba-332/1/pdf
42,Egli,Ursina,SP,JA,240/2012,,Unabhängige Rekurskommission für das Universitätsspital Zürich (USZ),Parlamentarische Initiative,Zustimmung,Abstimmungsresultat,Abstimmungsresultat,7f4a281fb246479790974146f9079eba-332,1,2012-03-02,https://parlzhcdws.cmicloud.ch/parlzh5/cdws/Files/7f4a281fb246479790974146f9079eba-332/1/pdf
71,Erdin,Andreas,GLP,JA,240/2012,,Unabhängige Rekurskommission für das Universitätsspital Zürich (USZ),Parlamentarische Initiative,Zustimmung,Abstimmungsresultat,Abstimmungsresultat,7f4a281fb246479790974146f9079eba-332,1,2012-03-02,https://parlzhcdws.cmicloud.ch/parlzh5/cdws/Files/7f4a281fb246479790974146f9079eba-332/1/pdf
181,Erni,Jonas,SP,JA,240/2012,,Unabhängige Rekurskommission für das Universitätsspital Zürich (USZ),Parlamentarische Initiative,Zustimmung,Abstimmungsresultat,Abstimmungsresultat,7f4a281fb246479790974146f9079eba-332,1,2012-03-02,https://parlzhcdws.cmicloud.ch/parlzh5/cdws/Files/7f4a281fb246479790974146f9079eba-332/1/pdf
130,Farner,Martin,FDP,JA,240/2012,,Unabhängige Rekurskommission für das Universitätsspital Zürich (USZ),Parlamentarische Initiative,Zustimmung,Abstimmungsresultat,Abstimmungsresultat,7f4a281fb246479790974146f9079eba-332,1,2012-03-02,https://parlzhcdws.cmicloud.ch/parlzh5/cdws/Files/7f4a281fb246479790974146f9079eba-332/1/pdf
62,Feldmann,Stefan,SP,JA,240/2012,,Unabhängige Rekurskommission für das Universitätsspital Zürich (USZ),Parlamentarische Initiative,Zustimmung,Abstimmungsresultat,Abstimmungsresultat,7f4a281fb246479790974146f9079eba-332,1,2012-03-02,https://parlzhcdws.cmicloud.ch/parlzh5/cdws/Files/7f4a281fb246479790974146f9079eba-332/1/pdf
81,Fenner,Bruno,BDP,JA,240/2012,,Unabhängige Rekurskommission für das Universitätsspital Zürich (USZ),Parlamentarische Initiative,Zustimmung,Abstimmungsresultat,Abstimmungsresultat,7f4a281fb246479790974146f9079eba-332,1,2012-03-02,https://parlzhcdws.cmicloud.ch/parlzh5/cdws/Files/7f4a281fb246479790974146f9079eba-332/1/pdf
66,Ferro,Ornella,Grüne,NEIN,240/2012,,Unabhängige Rekurskommission für das Universitätsspital Zürich (USZ),Parlamentarische Initiative,Zustimmung,Abstimmungsresultat,Abstimmungsresultat,7f4a281fb246479790974146f9079eba-332,1,2012-03-02,https://parlzhcdws.cmicloud.ch/parlzh5/cdws/Files/7f4a281fb246479790974146f9079eba-332/1/pdf
82,Fischer,Gerhard,EVP,JA,240/2012,,Unabhängige Rekurskommission für das Universitätsspital Zürich (USZ),Parlamentarische Initiative,Zustimmung,Abstimmungsresultat,Abstimmungsresultat,7f4a281fb246479790974146f9079eba-332,1,2012-03-02,https://parlzhcdws.cmicloud.ch/parlzh5/cdws/Files/7f4a281fb246479790974146f9079eba-332/1/pdf
152,Frei-Baumann,Ruth,SVP,JA,240/2012,,Unabhängige Rekurskommission für das Universitätsspital Zürich (USZ),Parlamentarische Initiative,Zustimmung,Abstimmungsresultat,Abstimmungsresultat,7f4a281fb246479790974146f9079eba-332,1,2012-03-02,https://parlzhcdws.cmicloud.ch/parlzh5/cdws/Files/7f4a281fb246479790974146f9079eba-332/1/pdf
16,Frei,Daniel,SP,JA,240/2012,,Unabhängige Rekurskommission für das Universitätsspital Zürich (USZ),Parlamentarische Initiative,Zustimmung,Abstimmungsresultat,Abstimmungsresultat,7f4a281fb246479790974146f9079eba-332,1,2012-03-02,https://parlzhcdws.cmicloud.ch/parlzh5/cdws/Files/7f4a281fb246479790974146f9079eba-332/1/pdf
178,Frei,Hans,SVP,JA,240/2012,,Unabhängige Rekurskommission für das Universitätsspital Zürich (USZ),Parlamentarische Initiative,Zustimmung,Abstimmungsresultat,Abstimmungsresultat,7f4a281fb246479790974146f9079eba-332,1,2012-03-02,https://parlzhcdws.cmicloud.ch/parlzh5/cdws/Files/7f4a281fb246479790974146f9079eba-332/1/pdf
161,Frey,Beatrix,FDP,JA,240/2012,,Unabhängige Rekurskommission für das Universitätsspital Zürich (USZ),Parlamentarische Initiative,Zustimmung,Abstimmungsresultat,Abstimmungsresultat,7f4a281fb246479790974146f9079eba-332,1,2012-03-02,https://parlzhcdws.cmicloud.ch/parlzh5/cdws/Files/7f4a281fb246479790974146f9079eba-332/1/pdf
147,Furrer,Astrid,FDP,JA,240/2012,,Unabhängige Rekurskommission für das Universitätsspital Zürich (USZ),Parlamentarische Initiative,Zustimmung,Abstimmungsresultat,Abstimmungsresultat,7f4a281fb246479790974146f9079eba-332,1,2012-03-02,https://parlzhcdws.cmicloud.ch/parlzh5/cdws/Files/7f4a281fb246479790974146f9079eba-332/1/pdf
138,Fürst,Reinhard,SVP,JA,240/2012,,Unabhängige Rekurskommission für das Universitätsspital Zürich (USZ),Parlamentarische Initiative,Zustimmung,Abstimmungsresultat,Abstimmungsresultat,7f4a281fb246479790974146f9079eba-332,1,2012-03-02,https://parlzhcdws.cmicloud.ch/parlzh5/cdws/Files/7f4a281fb246479790974146f9079eba-332/1/pdf
106,Gantner,Alex,FDP,JA,240/2012,,Unabhängige Rekurskommission für das Universitätsspital Zürich (USZ),Parlamentarische Initiative,Zustimmung,Abstimmungsresultat,Abstimmungsresultat,7f4a281fb246479790974146f9079eba-332,1,2012-03-02,https://parlzhcdws.cmicloud.ch/parlzh5/cdws/Files/7f4a281fb246479790974146f9079eba-332/1/pdf
144,Geistlich,Andreas,FDP,JA,240/2012,,Unabhängige Rekurskommission für das Universitätsspital Zürich (USZ),Parlamentarische Initiative,Zustimmung,Abstimmungsresultat,Abstimmungsresultat,7f4a281fb246479790974146f9079eba-332,1,2012-03-02,https://parlzhcdws.cmicloud.ch/parlzh5/cdws/Files/7f4a281fb246479790974146f9079eba-332/1/pdf
14,Göldi,Hanspeter,SP,NEIN,240/2012,,Unabhängige Rekurskommission für das Universitätsspital Zürich (USZ),Parlamentarische Initiative,Zustimmung,Abstimmungsresultat,Abstimmungsresultat,7f4a281fb246479790974146f9079eba-332,1,2012-03-02,https://parlzhcdws.cmicloud.ch/parlzh5/cdws/Files/7f4a281fb246479790974146f9079eba-332/1/pdf
33,Gschwind,Benedikt,SP,JA,240/2012,,Unabhängige Rekurskommission für das Universitätsspital Zürich (USZ),Parlamentarische Initiative,Zustimmung,Abstimmungsresultat,Abstimmungsresultat,7f4a281fb246479790974146f9079eba-332,1,2012-03-02,https://parlzhcdws.cmicloud.ch/parlzh5/cdws/Files/7f4a281fb246479790974146f9079eba-332/1/pdf
88,Gugger,Nik,EVP,JA,240/2012,,Unabhängige Rekurskommission für das Universitätsspital Zürich (USZ),Parlamentarische Initiative,Zustimmung,Abstimmungsresultat,Abstimmungsresultat,7f4a281fb246479790974146f9079eba-332,1,2012-03-02,https://parlzhcdws.cmicloud.ch/parlzh5/cdws/Files/7f4a281fb246479790974146f9079eba-332/1/pdf
78,Gut,Astrid,BDP,JA,240/2012,,Unabhängige Rekurskommission für das Universitätsspital Zürich (USZ),Parlamentarische Initiative,Zustimmung,Abstimmungsresultat,Abstimmungsresultat,7f4a281fb246479790974146f9079eba-332,1,2012-03-02,https://parlzhcdws.cmicloud.ch/parlzh5/cdws/Files/7f4a281fb246479790974146f9079eba-332/1/pdf
54,Gutknecht,René,GLP,NEIN,240/2012,,Unabhängige Rekurskommission für das Universitätsspital Zürich (USZ),Parlamentarische Initiative,Zustimmung,Abstimmungsresultat,Abstimmungsresultat,7f4a281fb246479790974146f9079eba-332,1,2012-03-02,https://parlzhcdws.cmicloud.ch/parlzh5/cdws/Files/7f4a281fb246479790974146f9079eba-332/1/pdf
86,Gutmann,Eva,GLP,JA,240/2012,,Unabhängige Rekurskommission für das Universitätsspital Zürich (USZ),Parlamentarische Initiative,Zustimmung,Abstimmungsresultat,Abstimmungsresultat,7f4a281fb246479790974146f9079eba-332,1,2012-03-02,https://parlzhcdws.cmicloud.ch/parlzh5/cdws/Files/7f4a281fb246479790974146f9079eba-332/1/pdf
21,Guyer,Esther,Grüne,NEIN,240/2012,,Unabhängige Rekurskommission für das Universitätsspital Zürich (USZ),Parlamentarische Initiative,Zustimmung,Abstimmungsresultat,Abstimmungsresultat,7f4a281fb246479790974146f9079eba-332,1,2012-03-02,https://parlzhcdws.cmicloud.ch/parlzh5/cdws/Files/7f4a281fb246479790974146f9079eba-332/1/pdf
109,Haab,Martin,SVP,JA,240/2012,,Unabhängige Rekurskommission für das Universitätsspital Zürich (USZ),Parlamentarische Initiative,Zustimmung,Abstimmungsresultat,Abstimmungsresultat,7f4a281fb246479790974146f9079eba-332,1,2012-03-02,https://parlzhcdws.cmicloud.ch/parlzh5/cdws/Files/7f4a281fb246479790974146f9079eba-332/1/pdf
134,Habicher,Lorenz,SVP,JA,240/2012,,Unabhängige Rekurskommission für das Universitätsspital Zürich (USZ),Parlamentarische Initiative,Zustimmung,Abstimmungsresultat,Abstimmungsresultat,7f4a281fb246479790974146f9079eba-332,1,2012-03-02,https://parlzhcdws.cmicloud.ch/parlzh5/cdws/Files/7f4a281fb246479790974146f9079eba-332/1/pdf
169,Haderer,Willy,SVP,JA,240/2012,,Unabhängige Rekurskommission für das Universitätsspital Zürich (USZ),Parlamentarische Initiative,Zustimmung,Abstimmungsresultat,Abstimmungsresultat,7f4a281fb246479790974146f9079eba-332,1,2012-03-02,https://parlzhcdws.cmicloud.ch/parlzh5/cdws/Files/7f4a281fb246479790974146f9079eba-332/1/pdf
149,Haller,Margrit,SVP,JA,240/2012,,Unabhängige Rekurskommission für das Universitätsspital Zürich (USZ),Parlamentarische Initiative,Zustimmung,Abstimmungsresultat,Abstimmungsresultat,7f4a281fb246479790974146f9079eba-332,1,2012-03-02,https://parlzhcdws.cmicloud.ch/parlzh5/cdws/Files/7f4a281fb246479790974146f9079eba-332/1/pdf
146,Hänni,Cäcilia,FDP,JA,240/2012,,Unabhängige Rekurskommission für das Universitätsspital Zürich (USZ),Parlamentarische Initiative,Zustimmung,Abstimmungsresultat,Abstimmungsresultat,7f4a281fb246479790974146f9079eba-332,1,2012-03-02,https://parlzhcdws.cmicloud.ch/parlzh5/cdws/Files/7f4a281fb246479790974146f9079eba-332/1/pdf
48,Hans,Urs,Grüne,NEIN,240/2012,,Unabhängige Rekurskommission für das Universitätsspital Zürich (USZ),Parlamentarische Initiative,Zustimmung,Abstimmungsresultat,Abstimmungsresultat,7f4a281fb246479790974146f9079eba-332,1,2012-03-02,https://parlzhcdws.cmicloud.ch/parlzh5/cdws/Files/7f4a281fb246479790974146f9079eba-332/1/pdf
100,Häring,Hans Peter,EDU,JA,240/2012,,Unabhängige Rekurskommission für das Universitätsspital Zürich (USZ),Parlamentarische Initiative,Zustimmung,Abstimmungsresultat,Abstimmungsresultat,7f4a281fb246479790974146f9079eba-332,1,2012-03-02,https://parlzhcdws.cmicloud.ch/parlzh5/cdws/Files/7f4a281fb246479790974146f9079eba-332/1/pdf
25,Hasler,Andreas,GLP,--,240/2012,,Unabhängige Rekurskommission für das Universitätsspital Zürich (USZ),Parlamentarische Initiative,Zustimmung,Abstimmungsresultat,Abstimmungsresultat,7f4a281fb246479790974146f9079eba-332,1,2012-03-02,https://parlzhcdws.cmicloud.ch/parlzh5/cdws/Files/7f4a281fb246479790974146f9079eba-332/1/pdf
176,Haug,Hanspeter,SVP,JA,240/2012,,Unabhängige Rekurskommission für das Universitätsspital Zürich (USZ),Parlamentarische Initiative,Zustimmung,Abstimmungsresultat,Abstimmungsresultat,7f4a281fb246479790974146f9079eba-332,1,2012-03-02,https://parlzhcdws.cmicloud.ch/parlzh5/cdws/Files/7f4a281fb246479790974146f9079eba-332/1/pdf
74,Hauri,Andreas,GLP,JA,240/2012,,Unabhängige Rekurskommission für das Universitätsspital Zürich (USZ),Parlamentarische Initiative,Zustimmung,Abstimmungsresultat,Abstimmungsresultat,7f4a281fb246479790974146f9079eba-332,1,2012-03-02,https://parlzhcdws.cmicloud.ch/parlzh5/cdws/Files/7f4a281fb246479790974146f9079eba-332/1/pdf
127,Hauser,Matthias,SVP,JA,240/2012,,Unabhängige Rekurskommission für das Universitätsspital Zürich (USZ),Parlamentarische Initiative,Zustimmung,Abstimmungsresultat,Abstimmungsresultat,7f4a281fb246479790974146f9079eba-332,1,2012-03-02,https://parlzhcdws.cmicloud.ch/parlzh5/cdws/Files/7f4a281fb246479790974146f9079eba-332/1/pdf
23,Häusler,Edith,Grüne,NEIN,240/2012,,Unabhängige Rekurskommission für das Universitätsspital Zürich (USZ),Parlamentarische Initiative,Zustimmung,Abstimmungsresultat,Abstimmungsresultat,7f4a281fb246479790974146f9079eba-332,1,2012-03-02,https://parlzhcdws.cmicloud.ch/parlzh5/cdws/Files/7f4a281fb246479790974146f9079eba-332/1/pdf
51,Heierli,Daniel,Grüne,NEIN,240/2012,,Unabhängige Rekurskommission für das Universitätsspital Zürich (USZ),Parlamentarische Initiative,Zustimmung,Abstimmungsresultat,Abstimmungsresultat,7f4a281fb246479790974146f9079eba-332,1,2012-03-02,https://parlzhcdws.cmicloud.ch/parlzh5/cdws/Files/7f4a281fb246479790974146f9079eba-332/1/pdf
151,Heusser,Hans-Heinrich,SVP,JA,240/2012,,Unabhängige Rekurskommission für das Universitätsspital Zürich (USZ),Parlamentarische Initiative,Zustimmung,Abstimmungsresultat,Abstimmungsresultat,7f4a281fb246479790974146f9079eba-332,1,2012-03-02,https://parlzhcdws.cmicloud.ch/parlzh5/cdws/Files/7f4a281fb246479790974146f9079eba-332/1/pdf
72,Hodel,Daniel,GLP,--,240/2012,,Unabhängige Rekurskommission für das Universitätsspital Zürich (USZ),Parlamentarische Initiative,Zustimmung,Abstimmungsresultat,Abstimmungsresultat,7f4a281fb246479790974146f9079eba-332,1,2012-03-02,https://parlzhcdws.cmicloud.ch/parlzh5/cdws/Files/7f4a281fb246479790974146f9079eba-332/1/pdf
15,Hoesch,Felix,SP,JA,240/2012,,Unabhängige Rekurskommission für das Universitätsspital Zürich (USZ),Parlamentarische Initiative,Zustimmung,Abstimmungsresultat,Abstimmungsresultat,7f4a281fb246479790974146f9079eba-332,1,2012-03-02,https://parlzhcdws.cmicloud.ch/parlzh5/cdws/Files/7f4a281fb246479790974146f9079eba-332/1/pdf
175,Hofer,Jacqueline,SVP,JA,240/2012,,Unabhängige Rekurskommission für das Universitätsspital Zürich (USZ),Parlamentarische Initiative,Zustimmung,Abstimmungsresultat,Abstimmungsresultat,7f4a281fb246479790974146f9079eba-332,1,2012-03-02,https://parlzhcdws.cmicloud.ch/parlzh5/cdws/Files/7f4a281fb246479790974146f9079eba-332/1/pdf
131,Hofmann,Olivier,FDP,JA,240/2012,,Unabhängige Rekurskommission für das Universitätsspital Zürich (USZ),Parlamentarische Initiative,Zustimmung,Abstimmungsresultat,Abstimmungsresultat,7f4a281fb246479790974146f9079eba-332,1,2012-03-02,https://parlzhcdws.cmicloud.ch/parlzh5/cdws/Files/7f4a281fb246479790974146f9079eba-332/1/pdf
67,Homberger,Max,Grüne,NEIN,240/2012,,Unabhängige Rekurskommission für das Universitätsspital Zürich (USZ),Parlamentarische Initiative,Zustimmung,Abstimmungsresultat,Abstimmungsresultat,7f4a281fb246479790974146f9079eba-332,1,2012-03-02,https://parlzhcdws.cmicloud.ch/parlzh5/cdws/Files/7f4a281fb246479790974146f9079eba-332/1/pdf
155,Huber,Beat,SVP,JA,240/2012,,Unabhängige Rekurskommission für das Universitätsspital Zürich (USZ),Parlamentarische Initiative,Zustimmung,Abstimmungsresultat,Abstimmungsresultat,7f4a281fb246479790974146f9079eba-332,1,2012-03-02,https://parlzhcdws.cmicloud.ch/parlzh5/cdws/Files/7f4a281fb246479790974146f9079eba-332/1/pdf
87,Huber,Stefanie,GLP,NEIN,240/2012,,Unabhängige Rekurskommission für das Universitätsspital Zürich (USZ),Parlamentarische Initiative,Zustimmung,Abstimmungsresultat,Abstimmungsresultat,7f4a281fb246479790974146f9079eba-332,1,2012-03-02,https://parlzhcdws.cmicloud.ch/parlzh5/cdws/Files/7f4a281fb246479790974146f9079eba-332/1/pdf
76,Hunger,Stefan,BDP,JA,240/2012,,Unabhängige Rekurskommission für das Universitätsspital Zürich (USZ),Parlamentarische Initiative,Zustimmung,Abstimmungsresultat,Abstimmungsresultat,7f4a281fb246479790974146f9079eba-332,1,2012-03-02,https://parlzhcdws.cmicloud.ch/parlzh5/cdws/Files/7f4a281fb246479790974146f9079eba-332/1/pdf
121,Isler,René,SVP,JA,240/2012,,Unabhängige Rekurskommission für das Universitätsspital Zürich (USZ),Parlamentarische Initiative,Zustimmung,Abstimmungsresultat,Abstimmungsresultat,7f4a281fb246479790974146f9079eba-332,1,2012-03-02,https://parlzhcdws.cmicloud.ch/parlzh5/cdws/Files/7f4a281fb246479790974146f9079eba-332/1/pdf
167,Isliker,Walter,SVP,JA,240/2012,,Unabhängige Rekurskommission für das Universitätsspital Zürich (USZ),Parlamentarische Initiative,Zustimmung,Abstimmungsresultat,Abstimmungsresultat,7f4a281fb246479790974146f9079eba-332,1,2012-03-02,https://parlzhcdws.cmicloud.ch/parlzh5/cdws/Files/7f4a281fb246479790974146f9079eba-332/1/pdf
1,Johner,Brigitta,FDP,--,240/2012,,Unabhängige Rekurskommission für das Universitätsspital Zürich (USZ),Parlamentarische Initiative,Zustimmung,Abstimmungsresultat,Abstimmungsresultat,7f4a281fb246479790974146f9079eba-332,1,2012-03-02,https://parlzhcdws.cmicloud.ch/parlzh5/cdws/Files/7f4a281fb246479790974146f9079eba-332/1/pdf
46,Joss,Rosmarie,SP,JA,240/2012,,Unabhängige Rekurskommission für das Universitätsspital Zürich (USZ),Parlamentarische Initiative,Zustimmung,Abstimmungsresultat,Abstimmungsresultat,7f4a281fb246479790974146f9079eba-332,1,2012-03-02,https://parlzhcdws.cmicloud.ch/parlzh5/cdws/Files/7f4a281fb246479790974146f9079eba-332/1/pdf
49,Kaeser,Regula,Grüne,NEIN,240/2012,,Unabhängige Rekurskommission für das Universitätsspital Zürich (USZ),Parlamentarische Initiative,Zustimmung,Abstimmungsresultat,Abstimmungsresultat,7f4a281fb246479790974146f9079eba-332,1,2012-03-02,https://parlzhcdws.cmicloud.ch/parlzh5/cdws/Files/7f4a281fb246479790974146f9079eba-332/1/pdf
32,Katumba,Andrew,SP,JA,240/2012,,Unabhängige Rekurskommission für das Universitätsspital Zürich (USZ),Parlamentarische Initiative,Zustimmung,Abstimmungsresultat,Abstimmungsresultat,7f4a281fb246479790974146f9079eba-332,1,2012-03-02,https://parlzhcdws.cmicloud.ch/parlzh5/cdws/Files/7f4a281fb246479790974146f9079eba-332/1/pdf
77,Keller,Cornelia,BDP,--,240/2012,,Unabhängige Rekurskommission für das Universitätsspital Zürich (USZ),Parlamentarische Initiative,Zustimmung,Abstimmungsresultat,Abstimmungsresultat,7f4a281fb246479790974146f9079eba-332,1,2012-03-02,https://parlzhcdws.cmicloud.ch/parlzh5/cdws/Files/7f4a281fb246479790974146f9079eba-332/1/pdf
124,Keller,Rolando,SVP,JA,240/2012,,Unabhängige Rekurskommission für das Universitätsspital Zürich (USZ),Parlamentarische Initiative,Zustimmung,Abstimmungsresultat,Abstimmungsresultat,7f4a281fb246479790974146f9079eba-332,1,2012-03-02,https://parlzhcdws.cmicloud.ch/parlzh5/cdws/Files/7f4a281fb246479790974146f9079eba-332/1/pdf
128,Kläy,Dieter,FDP,JA,240/2012,,Unabhängige Rekurskommission für das Universitätsspital Zürich (USZ),Parlamentarische Initiative,Zustimmung,Abstimmungsresultat,Abstimmungsresultat,7f4a281fb246479790974146f9079eba-332,1,2012-03-02,https://parlzhcdws.cmicloud.ch/parlzh5/cdws/Files/7f4a281fb246479790974146f9079eba-332/1/pdf
129,Kull-Benz,Katharina,FDP,JA,240/2012,,Unabhängige Rekurskommission für das Universitätsspital Zürich (USZ),Parlamentarische Initiative,Zustimmung,Abstimmungsresultat,Abstimmungsresultat,7f4a281fb246479790974146f9079eba-332,1,2012-03-02,https://parlzhcdws.cmicloud.ch/parlzh5/cdws/Files/7f4a281fb246479790974146f9079eba-332/1/pdf
160,Kündig,Jörg,FDP,JA,240/2012,,Unabhängige Rekurskommission für das Universitätsspital Zürich (USZ),Parlamentarische Initiative,Zustimmung,Abstimmungsresultat,Abstimmungsresultat,7f4a281fb246479790974146f9079eba-332,1,2012-03-02,https://parlzhcdws.cmicloud.ch/parlzh5/cdws/Files/7f4a281fb246479790974146f9079eba-332/1/pdf
101,Kutter,Philipp,CVP,JA,240/2012,,Unabhängige Rekurskommission für das Universitätsspital Zürich (USZ),Parlamentarische Initiative,Zustimmung,Abstimmungsresultat,Abstimmungsresultat,7f4a281fb246479790974146f9079eba-332,1,2012-03-02,https://parlzhcdws.cmicloud.ch/parlzh5/cdws/Files/7f4a281fb246479790974146f9079eba-332/1/pdf
95,Kyburz,Heinz,EDU,JA,240/2012,,Unabhängige Rekurskommission für das Universitätsspital Zürich (USZ),Parlamentarische Initiative,Zustimmung,Abstimmungsresultat,Abstimmungsresultat,7f4a281fb246479790974146f9079eba-332,1,2012-03-02,https://parlzhcdws.cmicloud.ch/parlzh5/cdws/Files/7f4a281fb246479790974146f9079eba-332/1/pdf
63,Lais,Ruedi,SP,JA,240/2012,,Unabhängige Rekurskommission für das Universitätsspital Zürich (USZ),Parlamentarische Initiative,Zustimmung,Abstimmungsresultat,Abstimmungsresultat,7f4a281fb246479790974146f9079eba-332,1,2012-03-02,https://parlzhcdws.cmicloud.ch/parlzh5/cdws/Files/7f4a281fb246479790974146f9079eba-332/1/pdf
7,Lalli,Emy,SP,JA,240/2012,,Unabhängige Rekurskommission für das Universitätsspital Zürich (USZ),Parlamentarische Initiative,Zustimmung,Abstimmungsresultat,Abstimmungsresultat,7f4a281fb246479790974146f9079eba-332,1,2012-03-02,https://parlzhcdws.cmicloud.ch/parlzh5/cdws/Files/7f4a281fb246479790974146f9079eba-332/1/pdf
139,Langhard,Walter,SVP,JA,240/2012,,Unabhängige Rekurskommission für das Universitätsspital Zürich (USZ),Parlamentarische Initiative,Zustimmung,Abstimmungsresultat,Abstimmungsresultat,7f4a281fb246479790974146f9079eba-332,1,2012-03-02,https://parlzhcdws.cmicloud.ch/parlzh5/cdws/Files/7f4a281fb246479790974146f9079eba-332/1/pdf
174,Langhart,Konrad,SVP,JA,240/2012,,Unabhängige Rekurskommission für das Universitätsspital Zürich (USZ),Parlamentarische Initiative,Zustimmung,Abstimmungsresultat,Abstimmungsresultat,7f4a281fb246479790974146f9079eba-332,1,2012-03-02,https://parlzhcdws.cmicloud.ch/parlzh5/cdws/Files/7f4a281fb246479790974146f9079eba-332/1/pdf
65,Läubli,Hans,Grüne,NEIN,240/2012,,Unabhängige Rekurskommission für das Universitätsspital Zürich (USZ),Parlamentarische Initiative,Zustimmung,Abstimmungsresultat,Abstimmungsresultat,7f4a281fb246479790974146f9079eba-332,1,2012-03-02,https://parlzhcdws.cmicloud.ch/parlzh5/cdws/Files/7f4a281fb246479790974146f9079eba-332/1/pdf
80,Lenggenhager,Marcel,BDP,JA,240/2012,,Unabhängige Rekurskommission für das Universitätsspital Zürich (USZ),Parlamentarische Initiative,Zustimmung,Abstimmungsresultat,Abstimmungsresultat,7f4a281fb246479790974146f9079eba-332,1,2012-03-02,https://parlzhcdws.cmicloud.ch/parlzh5/cdws/Files/7f4a281fb246479790974146f9079eba-332/1/pdf
69,Ljuboje,Patricia,Grüne,NEIN,240/2012,,Unabhängige Rekurskommission für das Universitätsspital Zürich (USZ),Parlamentarische Initiative,Zustimmung,Abstimmungsresultat,Abstimmungsresultat,7f4a281fb246479790974146f9079eba-332,1,2012-03-02,https://parlzhcdws.cmicloud.ch/parlzh5/cdws/Files/7f4a281fb246479790974146f9079eba-332/1/pdf
57,Loss,Davide,SP,JA,240/2012,,Unabhängige Rekurskommission für das Universitätsspital Zürich (USZ),Parlamentarische Initiative,Zustimmung,Abstimmungsresultat,Abstimmungsresultat,7f4a281fb246479790974146f9079eba-332,1,2012-03-02,https://parlzhcdws.cmicloud.ch/parlzh5/cdws/Files/7f4a281fb246479790974146f9079eba-332/1/pdf
137,Lucek,Christian,SVP,JA,240/2012,,Unabhängige Rekurskommission für das Universitätsspital Zürich (USZ),Parlamentarische Initiative,Zustimmung,Abstimmungsresultat,Abstimmungsresultat,7f4a281fb246479790974146f9079eba-332,1,2012-03-02,https://parlzhcdws.cmicloud.ch/parlzh5/cdws/Files/7f4a281fb246479790974146f9079eba-332/1/pdf
26,Mäder,Jörg,GLP,JA,240/2012,,Unabhängige Rekurskommission für das Universitätsspital Zürich (USZ),Parlamentarische Initiative,Zustimmung,Abstimmungsresultat,Abstimmungsresultat,7f4a281fb246479790974146f9079eba-332,1,2012-03-02,https://parlzhcdws.cmicloud.ch/parlzh5/cdws/Files/7f4a281fb246479790974146f9079eba-332/1/pdf
22,Margreiter,Ralf,Grüne,NEIN,240/2012,,Unabhängige Rekurskommission für das Universitätsspital Zürich (USZ),Parlamentarische Initiative,Zustimmung,Abstimmungsresultat,Abstimmungsresultat,7f4a281fb246479790974146f9079eba-332,1,2012-03-02,https://parlzhcdws.cmicloud.ch/parlzh5/cdws/Files/7f4a281fb246479790974146f9079eba-332/1/pdf
27,Marthaler,Thomas,SP,--,240/2012,,Unabhängige Rekurskommission für das Universitätsspital Zürich (USZ),Parlamentarische Initiative,Zustimmung,Abstimmungsresultat,Abstimmungsresultat,7f4a281fb246479790974146f9079eba-332,1,2012-03-02,https://parlzhcdws.cmicloud.ch/parlzh5/cdws/Files/7f4a281fb246479790974146f9079eba-332/1/pdf
36,Marti,Res,Grüne,NEIN,240/2012,,Unabhängige Rekurskommission für das Universitätsspital Zürich (USZ),Parlamentarische Initiative,Zustimmung,Abstimmungsresultat,Abstimmungsresultat,7f4a281fb246479790974146f9079eba-332,1,2012-03-02,https://parlzhcdws.cmicloud.ch/parlzh5/cdws/Files/7f4a281fb246479790974146f9079eba-332/1/pdf
17,Matter,Sylvie,SP,JA,240/2012,,Unabhängige Rekurskommission für das Universitätsspital Zürich (USZ),Parlamentarische Initiative,Zustimmung,Abstimmungsresultat,Abstimmungsresultat,7f4a281fb246479790974146f9079eba-332,1,2012-03-02,https://parlzhcdws.cmicloud.ch/parlzh5/cdws/Files/7f4a281fb246479790974146f9079eba-332/1/pdf
170,Menzi,Ruedi,SVP,JA,240/2012,,Unabhängige Rekurskommission für das Universitätsspital Zürich (USZ),Parlamentarische Initiative,Zustimmung,Abstimmungsresultat,Abstimmungsresultat,7f4a281fb246479790974146f9079eba-332,1,2012-03-02,https://parlzhcdws.cmicloud.ch/parlzh5/cdws/Files/7f4a281fb246479790974146f9079eba-332/1/pdf
153,Mettler,Christian,SVP,JA,240/2012,,Unabhängige Rekurskommission für das Universitätsspital Zürich (USZ),Parlamentarische Initiative,Zustimmung,Abstimmungsresultat,Abstimmungsresultat,7f4a281fb246479790974146f9079eba-332,1,2012-03-02,https://parlzhcdws.cmicloud.ch/parlzh5/cdws/Files/7f4a281fb246479790974146f9079eba-332/1/pdf
29,Meyer,Mattea,SP,JA,240/2012,,Unabhängige Rekurskommission für das Universitätsspital Zürich (USZ),Parlamentarische Initiative,Zustimmung,Abstimmungsresultat,Abstimmungsresultat,7f4a281fb246479790974146f9079eba-332,1,2012-03-02,https://parlzhcdws.cmicloud.ch/parlzh5/cdws/Files/7f4a281fb246479790974146f9079eba-332/1/pdf
168,Moor-Schwarz,Ursula,SVP,JA,240/2012,,Unabhängige Rekurskommission für das Universitätsspital Zürich (USZ),Parlamentarische Initiative,Zustimmung,Abstimmungsresultat,Abstimmungsresultat,7f4a281fb246479790974146f9079eba-332,1,2012-03-02,https://parlzhcdws.cmicloud.ch/parlzh5/cdws/Files/7f4a281fb246479790974146f9079eba-332/1/pdf
31,Munz,Roland,SP,JA,240/2012,,Unabhängige Rekurskommission für das Universitätsspital Zürich (USZ),Parlamentarische Initiative,Zustimmung,Abstimmungsresultat,Abstimmungsresultat,7f4a281fb246479790974146f9079eba-332,1,2012-03-02,https://parlzhcdws.cmicloud.ch/parlzh5/cdws/Files/7f4a281fb246479790974146f9079eba-332/1/pdf
24,Neukom,Martin,Grüne,NEIN,240/2012,,Unabhängige Rekurskommission für das Universitätsspital Zürich (USZ),Parlamentarische Initiative,Zustimmung,Abstimmungsresultat,Abstimmungsresultat,7f4a281fb246479790974146f9079eba-332,1,2012-03-02,https://parlzhcdws.cmicloud.ch/parlzh5/cdws/Files/7f4a281fb246479790974146f9079eba-332/1/pdf
182,Peter,Jacqueline,SP,JA,240/2012,,Unabhängige Rekurskommission für das Universitätsspital Zürich (USZ),Parlamentarische Initiative,Zustimmung,Abstimmungsresultat,Abstimmungsresultat,7f4a281fb246479790974146f9079eba-332,1,2012-03-02,https://parlzhcdws.cmicloud.ch/parlzh5/cdws/Files/7f4a281fb246479790974146f9079eba-332/1/pdf
37,Petri,Gabi,Grüne,NEIN,240/2012,,Unabhängige Rekurskommission für das Universitätsspital Zürich (USZ),Parlamentarische Initiative,Zustimmung,Abstimmungsresultat,Abstimmungsresultat,7f4a281fb246479790974146f9079eba-332,1,2012-03-02,https://parlzhcdws.cmicloud.ch/parlzh5/cdws/Files/7f4a281fb246479790974146f9079eba-332/1/pdf
93,Pinto,Jean-Philippe,CVP,JA,240/2012,,Unabhängige Rekurskommission für das Universitätsspital Zürich (USZ),Parlamentarische Initiative,Zustimmung,Abstimmungsresultat,Abstimmungsresultat,7f4a281fb246479790974146f9079eba-332,1,2012-03-02,https://parlzhcdws.cmicloud.ch/parlzh5/cdws/Files/7f4a281fb246479790974146f9079eba-332/1/pdf
133,Preisig,Peter,SVP,JA,240/2012,,Unabhängige Rekurskommission für das Universitätsspital Zürich (USZ),Parlamentarische Initiative,Zustimmung,Abstimmungsresultat,Abstimmungsresultat,7f4a281fb246479790974146f9079eba-332,1,2012-03-02,https://parlzhcdws.cmicloud.ch/parlzh5/cdws/Files/7f4a281fb246479790974146f9079eba-332/1/pdf
53,Rappazzo,Pierre,GLP,JA,240/2012,,Unabhängige Rekurskommission für das Universitätsspital Zürich (USZ),Parlamentarische Initiative,Zustimmung,Abstimmungsresultat,Abstimmungsresultat,7f4a281fb246479790974146f9079eba-332,1,2012-03-02,https://parlzhcdws.cmicloud.ch/parlzh5/cdws/Files/7f4a281fb246479790974146f9079eba-332/1/pdf
157,Raths,Hans Heinrich,SVP,JA,240/2012,,Unabhängige Rekurskommission für das Universitätsspital Zürich (USZ),Parlamentarische Initiative,Zustimmung,Abstimmungsresultat,Abstimmungsresultat,7f4a281fb246479790974146f9079eba-332,1,2012-03-02,https://parlzhcdws.cmicloud.ch/parlzh5/cdws/Files/7f4a281fb246479790974146f9079eba-332/1/pdf
91,Reinhard,Peter,EVP,JA,240/2012,,Unabhängige Rekurskommission für das Universitätsspital Zürich (USZ),Parlamentarische Initiative,Zustimmung,Abstimmungsresultat,Abstimmungsresultat,7f4a281fb246479790974146f9079eba-332,1,2012-03-02,https://parlzhcdws.cmicloud.ch/parlzh5/cdws/Files/7f4a281fb246479790974146f9079eba-332/1/pdf
156,Rinderknecht,Margreth,SVP,JA,240/2012,,Unabhängige Rekurskommission für das Universitätsspital Zürich (USZ),Parlamentarische Initiative,Zustimmung,Abstimmungsresultat,Abstimmungsresultat,7f4a281fb246479790974146f9079eba-332,1,2012-03-02,https://parlzhcdws.cmicloud.ch/parlzh5/cdws/Files/7f4a281fb246479790974146f9079eba-332/1/pdf
90,Ritschard,Peter,EVP,JA,240/2012,,Unabhängige Rekurskommission für das Universitätsspital Zürich (USZ),Parlamentarische Initiative,Zustimmung,Abstimmungsresultat,Abstimmungsresultat,7f4a281fb246479790974146f9079eba-332,1,2012-03-02,https://parlzhcdws.cmicloud.ch/parlzh5/cdws/Files/7f4a281fb246479790974146f9079eba-332/1/pdf
68,Rohweder-Lischer,Maria,Grüne,NEIN,240/2012,,Unabhängige Rekurskommission für das Universitätsspital Zürich (USZ),Parlamentarische Initiative,Zustimmung,Abstimmungsresultat,Abstimmungsresultat,7f4a281fb246479790974146f9079eba-332,1,2012-03-02,https://parlzhcdws.cmicloud.ch/parlzh5/cdws/Files/7f4a281fb246479790974146f9079eba-332/1/pdf
117,Rueff,Sonja,FDP,JA,240/2012,,Unabhängige Rekurskommission für das Universitätsspital Zürich (USZ),Parlamentarische Initiative,Zustimmung,Abstimmungsresultat,Abstimmungsresultat,7f4a281fb246479790974146f9079eba-332,1,2012-03-02,https://parlzhcdws.cmicloud.ch/parlzh5/cdws/Files/7f4a281fb246479790974146f9079eba-332/1/pdf
107,Sauter,Regine,FDP,JA,240/2012,,Unabhängige Rekurskommission für das Universitätsspital Zürich (USZ),Parlamentarische Initiative,Zustimmung,Abstimmungsresultat,Abstimmungsresultat,7f4a281fb246479790974146f9079eba-332,1,2012-03-02,https://parlzhcdws.cmicloud.ch/parlzh5/cdws/Files/7f4a281fb246479790974146f9079eba-332/1/pdf
83,Schaaf,Markus,EVP,JA,240/2012,,Unabhängige Rekurskommission für das Universitätsspital Zürich (USZ),Parlamentarische Initiative,Zustimmung,Abstimmungsresultat,Abstimmungsresultat,7f4a281fb246479790974146f9079eba-332,1,2012-03-02,https://parlzhcdws.cmicloud.ch/parlzh5/cdws/Files/7f4a281fb246479790974146f9079eba-332/1/pdf
55,Schaffner,Barbara,GLP,--,240/2012,,Unabhängige Rekurskommission für das Universitätsspital Zürich (USZ),Parlamentarische Initiative,Zustimmung,Abstimmungsresultat,Abstimmungsresultat,7f4a281fb246479790974146f9079eba-332,1,2012-03-02,https://parlzhcdws.cmicloud.ch/parlzh5/cdws/Files/7f4a281fb246479790974146f9079eba-332/1/pdf
173,Scheck,Roland,SVP,JA,240/2012,,Unabhängige Rekurskommission für das Universitätsspital Zürich (USZ),Parlamentarische Initiative,Zustimmung,Abstimmungsresultat,Abstimmungsresultat,7f4a281fb246479790974146f9079eba-332,1,2012-03-02,https://parlzhcdws.cmicloud.ch/parlzh5/cdws/Files/7f4a281fb246479790974146f9079eba-332/1/pdf
85,Scherrer,Benno,GLP,JA,240/2012,,Unabhängige Rekurskommission für das Universitätsspital Zürich (USZ),Parlamentarische Initiative,Zustimmung,Abstimmungsresultat,Abstimmungsresultat,7f4a281fb246479790974146f9079eba-332,1,2012-03-02,https://parlzhcdws.cmicloud.ch/parlzh5/cdws/Files/7f4a281fb246479790974146f9079eba-332/1/pdf
115,Scherrer,Werner,FDP,--,240/2012,,Unabhängige Rekurskommission für das Universitätsspital Zürich (USZ),Parlamentarische Initiative,Zustimmung,Abstimmungsresultat,Abstimmungsresultat,7f4a281fb246479790974146f9079eba-332,1,2012-03-02,https://parlzhcdws.cmicloud.ch/parlzh5/cdws/Files/7f4a281fb246479790974146f9079eba-332/1/pdf
120,Schmid,Claudio,SVP,JA,240/2012,,Unabhängige Rekurskommission für das Universitätsspital Zürich (USZ),Parlamentarische Initiative,Zustimmung,Abstimmungsresultat,Abstimmungsresultat,7f4a281fb246479790974146f9079eba-332,1,2012-03-02,https://parlzhcdws.cmicloud.ch/parlzh5/cdws/Files/7f4a281fb246479790974146f9079eba-332/1/pdf
105,Schmid,Lorenz,CVP,JA,240/2012,,Unabhängige Rekurskommission für das Universitätsspital Zürich (USZ),Parlamentarische Initiative,Zustimmung,Abstimmungsresultat,Abstimmungsresultat,7f4a281fb246479790974146f9079eba-332,1,2012-03-02,https://parlzhcdws.cmicloud.ch/parlzh5/cdws/Files/7f4a281fb246479790974146f9079eba-332/1/pdf
3a,Schmid,Roman,SVP,JA,240/2012,,Unabhängige Rekurskommission für das Universitätsspital Zürich (USZ),Parlamentarische Initiative,Zustimmung,Abstimmungsresultat,Abstimmungsresultat,7f4a281fb246479790974146f9079eba-332,1,2012-03-02,https://parlzhcdws.cmicloud.ch/parlzh5/cdws/Files/7f4a281fb246479790974146f9079eba-332/1/pdf
112,Schneebeli,Jakob,SVP,JA,240/2012,,Unabhängige Rekurskommission für das Universitätsspital Zürich (USZ),Parlamentarische Initiative,Zustimmung,Abstimmungsresultat,Abstimmungsresultat,7f4a281fb246479790974146f9079eba-332,1,2012-03-02,https://parlzhcdws.cmicloud.ch/parlzh5/cdws/Files/7f4a281fb246479790974146f9079eba-332/1/pdf
89,Schoch,Walter,EVP,JA,240/2012,,Unabhängige Rekurskommission für das Universitätsspital Zürich (USZ),Parlamentarische Initiative,Zustimmung,Abstimmungsresultat,Abstimmungsresultat,7f4a281fb246479790974146f9079eba-332,1,2012-03-02,https://parlzhcdws.cmicloud.ch/parlzh5/cdws/Files/7f4a281fb246479790974146f9079eba-332/1/pdf
145,Schwab,Daniel,FDP,JA,240/2012,,Unabhängige Rekurskommission für das Universitätsspital Zürich (USZ),Parlamentarische Initiative,Zustimmung,Abstimmungsresultat,Abstimmungsresultat,7f4a281fb246479790974146f9079eba-332,1,2012-03-02,https://parlzhcdws.cmicloud.ch/parlzh5/cdws/Files/7f4a281fb246479790974146f9079eba-332/1/pdf
52,Schwarzenbach,Beni,GLP,--,240/2012,,Unabhängige Rekurskommission für das Universitätsspital Zürich (USZ),Parlamentarische Initiative,Zustimmung,Abstimmungsresultat,Abstimmungsresultat,7f4a281fb246479790974146f9079eba-332,1,2012-03-02,https://parlzhcdws.cmicloud.ch/parlzh5/cdws/Files/7f4a281fb246479790974146f9079eba-332/1/pdf
9,Seiler Graf,Priska,SP,JA,240/2012,,Unabhängige Rekurskommission für das Universitätsspital Zürich (USZ),Parlamentarische Initiative,Zustimmung,Abstimmungsresultat,Abstimmungsresultat,7f4a281fb246479790974146f9079eba-332,1,2012-03-02,https://parlzhcdws.cmicloud.ch/parlzh5/cdws/Files/7f4a281fb246479790974146f9079eba-332/1/pdf
61,Seiz-Gut,Silvia,SP,JA,240/2012,,Unabhängige Rekurskommission für das Universitätsspital Zürich (USZ),Parlamentarische Initiative,Zustimmung,Abstimmungsresultat,Abstimmungsresultat,7f4a281fb246479790974146f9079eba-332,1,2012-03-02,https://parlzhcdws.cmicloud.ch/parlzh5/cdws/Files/7f4a281fb246479790974146f9079eba-332/1/pdf
59,Sieber,Sabine,SP,JA,240/2012,,Unabhängige Rekurskommission für das Universitätsspital Zürich (USZ),Parlamentarische Initiative,Zustimmung,Abstimmungsresultat,Abstimmungsresultat,7f4a281fb246479790974146f9079eba-332,1,2012-03-02,https://parlzhcdws.cmicloud.ch/parlzh5/cdws/Files/7f4a281fb246479790974146f9079eba-332/1/pdf
47,Späth,Markus,SP,JA,240/2012,,Unabhängige Rekurskommission für das Universitätsspital Zürich (USZ),Parlamentarische Initiative,Zustimmung,Abstimmungsresultat,Abstimmungsresultat,7f4a281fb246479790974146f9079eba-332,1,2012-03-02,https://parlzhcdws.cmicloud.ch/parlzh5/cdws/Files/7f4a281fb246479790974146f9079eba-332/1/pdf
183,Spillmann,Moritz,SP,JA,240/2012,,Unabhängige Rekurskommission für das Universitätsspital Zürich (USZ),Parlamentarische Initiative,Zustimmung,Abstimmungsresultat,Abstimmungsresultat,7f4a281fb246479790974146f9079eba-332,1,2012-03-02,https://parlzhcdws.cmicloud.ch/parlzh5/cdws/Files/7f4a281fb246479790974146f9079eba-332/1/pdf
60,Stampfli,Michael,SP,--,240/2012,,Unabhängige Rekurskommission für das Universitätsspital Zürich (USZ),Parlamentarische Initiative,Zustimmung,Abstimmungsresultat,Abstimmungsresultat,7f4a281fb246479790974146f9079eba-332,1,2012-03-02,https://parlzhcdws.cmicloud.ch/parlzh5/cdws/Files/7f4a281fb246479790974146f9079eba-332/1/pdf
136,Steinemann,Barbara,SVP,JA,240/2012,,Unabhängige Rekurskommission für das Universitätsspital Zürich (USZ),Parlamentarische Initiative,Zustimmung,Abstimmungsresultat,Abstimmungsresultat,7f4a281fb246479790974146f9079eba-332,1,2012-03-02,https://parlzhcdws.cmicloud.ch/parlzh5/cdws/Files/7f4a281fb246479790974146f9079eba-332/1/pdf
19,Steiner,Kathy,Grüne,NEIN,240/2012,,Unabhängige Rekurskommission für das Universitätsspital Zürich (USZ),Parlamentarische Initiative,Zustimmung,Abstimmungsresultat,Abstimmungsresultat,7f4a281fb246479790974146f9079eba-332,1,2012-03-02,https://parlzhcdws.cmicloud.ch/parlzh5/cdws/Files/7f4a281fb246479790974146f9079eba-332/1/pdf
28,Steiner,Rafael,SP,JA,240/2012,,Unabhängige Rekurskommission für das Universitätsspital Zürich (USZ),Parlamentarische Initiative,Zustimmung,Abstimmungsresultat,Abstimmungsresultat,7f4a281fb246479790974146f9079eba-332,1,2012-03-02,https://parlzhcdws.cmicloud.ch/parlzh5/cdws/Files/7f4a281fb246479790974146f9079eba-332/1/pdf
3,Steiner,Rolf,SP,JA,240/2012,,Unabhängige Rekurskommission für das Universitätsspital Zürich (USZ),Parlamentarische Initiative,Zustimmung,Abstimmungsresultat,Abstimmungsresultat,7f4a281fb246479790974146f9079eba-332,1,2012-03-02,https://parlzhcdws.cmicloud.ch/parlzh5/cdws/Files/7f4a281fb246479790974146f9079eba-332/1/pdf
92,Steiner,Silvia,CVP,--,240/2012,,Unabhängige Rekurskommission für das Universitätsspital Zürich (USZ),Parlamentarische Initiative,Zustimmung,Abstimmungsresultat,Abstimmungsresultat,7f4a281fb246479790974146f9079eba-332,1,2012-03-02,https://parlzhcdws.cmicloud.ch/parlzh5/cdws/Files/7f4a281fb246479790974146f9079eba-332/1/pdf
172,Steinmann,Armin,SVP,JA,240/2012,,Unabhängige Rekurskommission für das Universitätsspital Zürich (USZ),Parlamentarische Initiative,Zustimmung,Abstimmungsresultat,Abstimmungsresultat,7f4a281fb246479790974146f9079eba-332,1,2012-03-02,https://parlzhcdws.cmicloud.ch/parlzh5/cdws/Files/7f4a281fb246479790974146f9079eba-332/1/pdf
11,Stofer,Judith,AL,--,240/2012,,Unabhängige Rekurskommission für das Universitätsspital Zürich (USZ),Parlamentarische Initiative,Zustimmung,Abstimmungsresultat,Abstimmungsresultat,7f4a281fb246479790974146f9079eba-332,1,2012-03-02,https://parlzhcdws.cmicloud.ch/parlzh5/cdws/Files/7f4a281fb246479790974146f9079eba-332/1/pdf
148,Stucker,Rolf,SVP,JA,240/2012,,Unabhängige Rekurskommission für das Universitätsspital Zürich (USZ),Parlamentarische Initiative,Zustimmung,Abstimmungsresultat,Abstimmungsresultat,7f4a281fb246479790974146f9079eba-332,1,2012-03-02,https://parlzhcdws.cmicloud.ch/parlzh5/cdws/Files/7f4a281fb246479790974146f9079eba-332/1/pdf
8,Stutz,Peter,SP,JA,240/2012,,Unabhängige Rekurskommission für das Universitätsspital Zürich (USZ),Parlamentarische Initiative,Zustimmung,Abstimmungsresultat,Abstimmungsresultat,7f4a281fb246479790974146f9079eba-332,1,2012-03-02,https://parlzhcdws.cmicloud.ch/parlzh5/cdws/Files/7f4a281fb246479790974146f9079eba-332/1/pdf
166,Sulser,Jürg,SVP,JA,240/2012,,Unabhängige Rekurskommission für das Universitätsspital Zürich (USZ),Parlamentarische Initiative,Zustimmung,Abstimmungsresultat,Abstimmungsresultat,7f4a281fb246479790974146f9079eba-332,1,2012-03-02,https://parlzhcdws.cmicloud.ch/parlzh5/cdws/Files/7f4a281fb246479790974146f9079eba-332/1/pdf
114,Suter,Arnold,SVP,JA,240/2012,,Unabhängige Rekurskommission für das Universitätsspital Zürich (USZ),Parlamentarische Initiative,Zustimmung,Abstimmungsresultat,Abstimmungsresultat,7f4a281fb246479790974146f9079eba-332,1,2012-03-02,https://parlzhcdws.cmicloud.ch/parlzh5/cdws/Files/7f4a281fb246479790974146f9079eba-332/1/pdf
102,Thomet-Bürki,Corinne,CVP,JA,240/2012,,Unabhängige Rekurskommission für das Universitätsspital Zürich (USZ),Parlamentarische Initiative,Zustimmung,Abstimmungsresultat,Abstimmungsresultat,7f4a281fb246479790974146f9079eba-332,1,2012-03-02,https://parlzhcdws.cmicloud.ch/parlzh5/cdws/Files/7f4a281fb246479790974146f9079eba-332/1/pdf
108,Trachsel,Jürg,SVP,JA,240/2012,,Unabhängige Rekurskommission für das Universitätsspital Zürich (USZ),Parlamentarische Initiative,Zustimmung,Abstimmungsresultat,Abstimmungsresultat,7f4a281fb246479790974146f9079eba-332,1,2012-03-02,https://parlzhcdws.cmicloud.ch/parlzh5/cdws/Files/7f4a281fb246479790974146f9079eba-332/1/pdf
150,Uhlmann,Peter,SVP,JA,240/2012,,Unabhängige Rekurskommission für das Universitätsspital Zürich (USZ),Parlamentarische Initiative,Zustimmung,Abstimmungsresultat,Abstimmungsresultat,7f4a281fb246479790974146f9079eba-332,1,2012-03-02,https://parlzhcdws.cmicloud.ch/parlzh5/cdws/Files/7f4a281fb246479790974146f9079eba-332/1/pdf
158,Vogel,Thomas,FDP,JA,240/2012,,Unabhängige Rekurskommission für das Universitätsspital Zürich (USZ),Parlamentarische Initiative,Zustimmung,Abstimmungsresultat,Abstimmungsresultat,7f4a281fb246479790974146f9079eba-332,1,2012-03-02,https://parlzhcdws.cmicloud.ch/parlzh5/cdws/Files/7f4a281fb246479790974146f9079eba-332/1/pdf
118,Vogt,Hans-Ueli,SVP,JA,240/2012,,Unabhängige Rekurskommission für das Universitätsspital Zürich (USZ),Parlamentarische Initiative,Zustimmung,Abstimmungsresultat,Abstimmungsresultat,7f4a281fb246479790974146f9079eba-332,1,2012-03-02,https://parlzhcdws.cmicloud.ch/parlzh5/cdws/Files/7f4a281fb246479790974146f9079eba-332/1/pdf
162,Vollenweider,Peter,FDP,JA,240/2012,,Unabhängige Rekurskommission für das Universitätsspital Zürich (USZ),Parlamentarische Initiative,Zustimmung,Abstimmungsresultat,Abstimmungsresultat,7f4a281fb246479790974146f9079eba-332,1,2012-03-02,https://parlzhcdws.cmicloud.ch/parlzh5/cdws/Files/7f4a281fb246479790974146f9079eba-332/1/pdf
70,von Planta,Cyrill,GLP,JA,240/2012,,Unabhängige Rekurskommission für das Universitätsspital Zürich (USZ),Parlamentarische Initiative,Zustimmung,Abstimmungsresultat,Abstimmungsresultat,7f4a281fb246479790974146f9079eba-332,1,2012-03-02,https://parlzhcdws.cmicloud.ch/parlzh5/cdws/Files/7f4a281fb246479790974146f9079eba-332/1/pdf
94,Vontobel,Erich,EDU,JA,240/2012,,Unabhängige Rekurskommission für das Universitätsspital Zürich (USZ),Parlamentarische Initiative,Zustimmung,Abstimmungsresultat,Abstimmungsresultat,7f4a281fb246479790974146f9079eba-332,1,2012-03-02,https://parlzhcdws.cmicloud.ch/parlzh5/cdws/Files/7f4a281fb246479790974146f9079eba-332/1/pdf
56,Wahlen,Denise,GLP,NEIN,240/2012,,Unabhängige Rekurskommission für das Universitätsspital Zürich (USZ),Parlamentarische Initiative,Zustimmung,Abstimmungsresultat,Abstimmungsresultat,7f4a281fb246479790974146f9079eba-332,1,2012-03-02,https://parlzhcdws.cmicloud.ch/parlzh5/cdws/Files/7f4a281fb246479790974146f9079eba-332/1/pdf
159,Walker Späh,Carmen,FDP,JA,240/2012,,Unabhängige Rekurskommission für das Universitätsspital Zürich (USZ),Parlamentarische Initiative,Zustimmung,Abstimmungsresultat,Abstimmungsresultat,7f4a281fb246479790974146f9079eba-332,1,2012-03-02,https://parlzhcdws.cmicloud.ch/parlzh5/cdws/Files/7f4a281fb246479790974146f9079eba-332/1/pdf
179,Walliser,Bruno,SVP,JA,240/2012,,Unabhängige Rekurskommission für das Universitätsspital Zürich (USZ),Parlamentarische Initiative,Zustimmung,Abstimmungsresultat,Abstimmungsresultat,7f4a281fb246479790974146f9079eba-332,1,2012-03-02,https://parlzhcdws.cmicloud.ch/parlzh5/cdws/Files/7f4a281fb246479790974146f9079eba-332/1/pdf
2,Weber-Gachnang,Theresia,SVP,JA,240/2012,,Unabhängige Rekurskommission für das Universitätsspital Zürich (USZ),Parlamentarische Initiative,Zustimmung,Abstimmungsresultat,Abstimmungsresultat,7f4a281fb246479790974146f9079eba-332,1,2012-03-02,https://parlzhcdws.cmicloud.ch/parlzh5/cdws/Files/7f4a281fb246479790974146f9079eba-332/1/pdf
142,Weibel,Katharina,FDP,JA,240/2012,,Unabhängige Rekurskommission für das Universitätsspital Zürich (USZ),Parlamentarische Initiative,Zustimmung,Abstimmungsresultat,Abstimmungsresultat,7f4a281fb246479790974146f9079eba-332,1,2012-03-02,https://parlzhcdws.cmicloud.ch/parlzh5/cdws/Files/7f4a281fb246479790974146f9079eba-332/1/pdf
98,Welz,Michael,EDU,JA,240/2012,,Unabhängige Rekurskommission für das Universitätsspital Zürich (USZ),Parlamentarische Initiative,Zustimmung,Abstimmungsresultat,Abstimmungsresultat,7f4a281fb246479790974146f9079eba-332,1,2012-03-02,https://parlzhcdws.cmicloud.ch/parlzh5/cdws/Files/7f4a281fb246479790974146f9079eba-332/1/pdf
164,Wettstein,Sabine,FDP,JA,240/2012,,Unabhängige Rekurskommission für das Universitätsspital Zürich (USZ),Parlamentarische Initiative,Zustimmung,Abstimmungsresultat,Abstimmungsresultat,7f4a281fb246479790974146f9079eba-332,1,2012-03-02,https://parlzhcdws.cmicloud.ch/parlzh5/cdws/Files/7f4a281fb246479790974146f9079eba-332/1/pdf
18,Wicki,Monika,SP,JA,240/2012,,Unabhängige Rekurskommission für das Universitätsspital Zürich (USZ),Parlamentarische Initiative,Zustimmung,Abstimmungsresultat,Abstimmungsresultat,7f4a281fb246479790974146f9079eba-332,1,2012-03-02,https://parlzhcdws.cmicloud.ch/parlzh5/cdws/Files/7f4a281fb246479790974146f9079eba-332/1/pdf
104,Widler,Josef,CVP,JA,240/2012,,Unabhängige Rekurskommission für das Universitätsspital Zürich (USZ),Parlamentarische Initiative,Zustimmung,Abstimmungsresultat,Abstimmungsresultat,7f4a281fb246479790974146f9079eba-332,1,2012-03-02,https://parlzhcdws.cmicloud.ch/parlzh5/cdws/Files/7f4a281fb246479790974146f9079eba-332/1/pdf
45,Widmer,Céline,SP,JA,240/2012,,Unabhängige Rekurskommission für das Universitätsspital Zürich (USZ),Parlamentarische Initiative,Zustimmung,Abstimmungsresultat,Abstimmungsresultat,7f4a281fb246479790974146f9079eba-332,1,2012-03-02,https://parlzhcdws.cmicloud.ch/parlzh5/cdws/Files/7f4a281fb246479790974146f9079eba-332/1/pdf
96,Wiederkehr,Josef,CVP,JA,240/2012,,Unabhängige Rekurskommission für das Universitätsspital Zürich (USZ),Parlamentarische Initiative,Zustimmung,Abstimmungsresultat,Abstimmungsresultat,7f4a281fb246479790974146f9079eba-332,1,2012-03-02,https://parlzhcdws.cmicloud.ch/parlzh5/cdws/Files/7f4a281fb246479790974146f9079eba-332/1/pdf
38,Wiesner,Hans,GLP,NEIN,240/2012,,Unabhängige Rekurskommission für das Universitätsspital Zürich (USZ),Parlamentarische Initiative,Zustimmung,Abstimmungsresultat,Abstimmungsresultat,7f4a281fb246479790974146f9079eba-332,1,2012-03-02,https://parlzhcdws.cmicloud.ch/parlzh5/cdws/Files/7f4a281fb246479790974146f9079eba-332/1/pdf
143,Winkler,Gabriela,FDP,JA,240/2012,,Unabhängige Rekurskommission für das Universitätsspital Zürich (USZ),Parlamentarische Initiative,Zustimmung,Abstimmungsresultat,Abstimmungsresultat,7f4a281fb246479790974146f9079eba-332,1,2012-03-02,https://parlzhcdws.cmicloud.ch/parlzh5/cdws/Files/7f4a281fb246479790974146f9079eba-332/1/pdf
73,Wirth,Thomas,GLP,JA,240/2012,,Unabhängige Rekurskommission für das Universitätsspital Zürich (USZ),Parlamentarische Initiative,Zustimmung,Abstimmungsresultat,Abstimmungsresultat,7f4a281fb246479790974146f9079eba-332,1,2012-03-02,https://parlzhcdws.cmicloud.ch/parlzh5/cdws/Files/7f4a281fb246479790974146f9079eba-332/1/pdf
119,Wuhrmann,Heinrich,SVP,JA,240/2012,,Unabhängige Rekurskommission für das Universitätsspital Zürich (USZ),Parlamentarische Initiative,Zustimmung,Abstimmungsresultat,Abstimmungsresultat,7f4a281fb246479790974146f9079eba-332,1,2012-03-02,https://parlzhcdws.cmicloud.ch/parlzh5/cdws/Files/7f4a281fb246479790974146f9079eba-332/1/pdf
141,Wyss,Orlando,SVP,JA,240/2012,,Unabhängige Rekurskommission für das Universitätsspital Zürich (USZ),Parlamentarische Initiative,Zustimmung,Abstimmungsresultat,Abstimmungsresultat,7f4a281fb246479790974146f9079eba-332,1,2012-03-02,https://parlzhcdws.cmicloud.ch/parlzh5/cdws/Files/7f4a281fb246479790974146f9079eba-332/1/pdf
135,Zanetti,Claudio,SVP,JA,240/2012,,Unabhängige Rekurskommission für das Universitätsspital Zürich (USZ),Parlamentarische Initiative,Zustimmung,Abstimmungsresultat,Abstimmungsresultat,7f4a281fb246479790974146f9079eba-332,1,2012-03-02,https://parlzhcdws.cmicloud.ch/parlzh5/cdws/Files/7f4a281fb246479790974146f9079eba-332/1/pdf
40,Zeugin,Michael,GLP,--,240/2012,,Unabhängige Rekurskommission für das Universitätsspital Zürich (USZ),Parlamentarische Initiative,Zustimmung,Abstimmungsresultat,Abstimmungsresultat,7f4a281fb246479790974146f9079eba-332,1,2012-03-02,https://parlzhcdws.cmicloud.ch/parlzh5/cdws/Files/7f4a281fb246479790974146f9079eba-332/1/pdf
39,Ziegler,Christoph,GLP,NEIN,240/2012,,Unabhängige Rekurskommission für das Universitätsspital Zürich (USZ),Parlamentarische Initiative,Zustimmung,Abstimmungsresultat,Abstimmungsresultat,7f4a281fb246479790974146f9079eba-332,1,2012-03-02,https://parlzhcdws.cmicloud.ch/parlzh5/cdws/Files/7f4a281fb246479790974146f9079eba-332/1/pdf
41,Ziltener,Erika,SP,JA,240/2012,,Unabhängige Rekurskommission für das Universitätsspital Zürich (USZ),Parlamentarische Initiative,Zustimmung,Abstimmungsresultat,Abstimmungsresultat,7f4a281fb246479790974146f9079eba-332,1,2012-03-02,https://parlzhcdws.cmicloud.ch/parlzh5/cdws/Files/7f4a281fb246479790974146f9079eba-332/1/pdf
122,Zimmermann,Rolf,SVP,JA,240/2012,,Unabhängige Rekurskommission für das Universitätsspital Zürich (USZ),Parlamentarische Initiative,Zustimmung,Abstimmungsresultat,Abstimmungsresultat,7f4a281fb246479790974146f9079eba-332,1,2012-03-02,https://parlzhcdws.cmicloud.ch/parlzh5/cdws/Files/7f4a281fb246479790974146f9079eba-332/1/pdf
84,Zollinger,Johannes,EVP,JA,240/2012,,Unabhängige Rekurskommission für das Universitätsspital Zürich (USZ),Parlamentarische Initiative,Zustimmung,Abstimmungsresultat,Abstimmungsresultat,7f4a281fb246479790974146f9079eba-332,1,2012-03-02,https://parlzhcdws.cmicloud.ch/parlzh5/cdws/Files/7f4a281fb246479790974146f9079eba-332/1/pdf
132,Zuber,Martin,SVP,JA,240/2012,,Unabhängige Rekurskommission für das Universitätsspital Zürich (USZ),Parlamentarische Initiative,Zustimmung,Abstimmungsresultat,Abstimmungsresultat,7f4a281fb246479790974146f9079eba-332,1,2012-03-02,https://parlzhcdws.cmicloud.ch/parlzh5/cdws/Files/7f4a281fb246479790974146f9079eba-332/1/pdf
113,Züllig,Hansueli,SVP,--,240/2012,,Unabhängige Rekurskommission für das Universitätsspital Zürich (USZ),Parlamentarische Initiative,Zustimmung,Abstimmungsresultat,Abstimmungsresultat,7f4a281fb246479790974146f9079eba-332,1,2012-03-02,https://parlzhcdws.cmicloud.ch/parlzh5/cdws/Files/7f4a281fb246479790974146f9079eba-332/1/pdf
